marca,modelo,costo_ars,costo_usd
toyota,corolla,1568943.0,8480.772972972973
mercedes benz,vito,17852369.0,96499.29189189189
