marca,modelo,costo_ars,costo_usd
toyota,corolla,1568943.0,8480.772972972973
mercedes benz,vito,17852369.0,96499.29189189187
chevrolet,corsa,14589632.0,78862.87567567568
